Method,Name,Error,Occurrences
GET,/files/view/100000000KB?id=33,404 Client Error: Not Found for url: http://45.55.42.197:3000/files/view/100000000KB?id=33,115
GET,/files/view/100000000KB?id=49,404 Client Error: Not Found for url: http://45.55.42.197:3000/files/view/100000000KB?id=49,100
GET,/files/view/100000000KB?id=11,404 Client Error: Not Found for url: http://45.55.42.197:3000/files/view/100000000KB?id=11,146
GET,/files/view/100000000KB?id=67,404 Client Error: Not Found for url: http://45.55.42.197:3000/files/view/100000000KB?id=67,84
GET,/files/view/100000000KB?id=0,404 Client Error: Not Found for url: http://45.55.42.197:3000/files/view/100000000KB?id=0,152
GET,/files/view/100000000KB?id=80,404 Client Error: Not Found for url: http://45.55.42.197:3000/files/view/100000000KB?id=80,74
GET,/files/view/100000000KB?id=58,404 Client Error: Not Found for url: http://45.55.42.197:3000/files/view/100000000KB?id=58,92
GET,/files/view/100000000KB?id=94,404 Client Error: Not Found for url: http://45.55.42.197:3000/files/view/100000000KB?id=94,64
GET,/files/view/100000000KB?id=23,404 Client Error: Not Found for url: http://45.55.42.197:3000/files/view/100000000KB?id=23,130
GET,/files/view/100000000KB?id=64,404 Client Error: Not Found for url: http://45.55.42.197:3000/files/view/100000000KB?id=64,86
GET,/files/view/100000000KB?id=87,404 Client Error: Not Found for url: http://45.55.42.197:3000/files/view/100000000KB?id=87,69
GET,/files/view/100000000KB?id=6,404 Client Error: Not Found for url: http://45.55.42.197:3000/files/view/100000000KB?id=6,149
GET,/files/view/100000000KB?id=50,404 Client Error: Not Found for url: http://45.55.42.197:3000/files/view/100000000KB?id=50,100
GET,/files/view/100000000KB?id=74,404 Client Error: Not Found for url: http://45.55.42.197:3000/files/view/100000000KB?id=74,78
GET,/files/view/100000000KB?id=5,404 Client Error: Not Found for url: http://45.55.42.197:3000/files/view/100000000KB?id=5,149
GET,/files/view/100000000KB?id=90,404 Client Error: Not Found for url: http://45.55.42.197:3000/files/view/100000000KB?id=90,66
GET,/files/view/100000000KB?id=93,404 Client Error: Not Found for url: http://45.55.42.197:3000/files/view/100000000KB?id=93,65
GET,/files/view/100000000KB?id=17,404 Client Error: Not Found for url: http://45.55.42.197:3000/files/view/100000000KB?id=17,137
GET,/files/view/100000000KB?id=2,404 Client Error: Not Found for url: http://45.55.42.197:3000/files/view/100000000KB?id=2,151
GET,/files/view/100000000KB?id=44,404 Client Error: Not Found for url: http://45.55.42.197:3000/files/view/100000000KB?id=44,103
GET,/files/view/100000000KB?id=16,404 Client Error: Not Found for url: http://45.55.42.197:3000/files/view/100000000KB?id=16,138
GET,/files/view/100000000KB?id=1,404 Client Error: Not Found for url: http://45.55.42.197:3000/files/view/100000000KB?id=1,151
GET,/files/view/100000000KB?id=63,404 Client Error: Not Found for url: http://45.55.42.197:3000/files/view/100000000KB?id=63,88
GET,/files/view/100000000KB?id=41,404 Client Error: Not Found for url: http://45.55.42.197:3000/files/view/100000000KB?id=41,106
GET,/files/view/100000000KB?id=99,404 Client Error: Not Found for url: http://45.55.42.197:3000/files/view/100000000KB?id=99,61
GET,/files/view/100000000KB?id=70,404 Client Error: Not Found for url: http://45.55.42.197:3000/files/view/100000000KB?id=70,82
GET,/files/view/100000000KB?id=56,404 Client Error: Not Found for url: http://45.55.42.197:3000/files/view/100000000KB?id=56,94
GET,/files/view/100000000KB?id=59,404 Client Error: Not Found for url: http://45.55.42.197:3000/files/view/100000000KB?id=59,91
GET,/files/view/100000000KB?id=46,404 Client Error: Not Found for url: http://45.55.42.197:3000/files/view/100000000KB?id=46,102
GET,/files/view/100000000KB?id=78,404 Client Error: Not Found for url: http://45.55.42.197:3000/files/view/100000000KB?id=78,75
GET,/files/view/100000000KB?id=7,404 Client Error: Not Found for url: http://45.55.42.197:3000/files/view/100000000KB?id=7,149
GET,/files/view/100000000KB?id=52,404 Client Error: Not Found for url: http://45.55.42.197:3000/files/view/100000000KB?id=52,96
GET,/files/view/100000000KB?id=25,404 Client Error: Not Found for url: http://45.55.42.197:3000/files/view/100000000KB?id=25,128
GET,/files/view/100000000KB?id=57,404 Client Error: Not Found for url: http://45.55.42.197:3000/files/view/100000000KB?id=57,93
GET,/files/view/100000000KB?id=47,404 Client Error: Not Found for url: http://45.55.42.197:3000/files/view/100000000KB?id=47,101
GET,/files/view/100000000KB?id=53,404 Client Error: Not Found for url: http://45.55.42.197:3000/files/view/100000000KB?id=53,96
GET,/files/view/100000000KB?id=40,404 Client Error: Not Found for url: http://45.55.42.197:3000/files/view/100000000KB?id=40,109
GET,/files/view/100000000KB?id=43,404 Client Error: Not Found for url: http://45.55.42.197:3000/files/view/100000000KB?id=43,104
GET,/files/view/100000000KB?id=96,404 Client Error: Not Found for url: http://45.55.42.197:3000/files/view/100000000KB?id=96,63
GET,/files/view/100000000KB?id=4,404 Client Error: Not Found for url: http://45.55.42.197:3000/files/view/100000000KB?id=4,150
GET,/files/view/100000000KB?id=13,404 Client Error: Not Found for url: http://45.55.42.197:3000/files/view/100000000KB?id=13,143
GET,/files/view/100000000KB?id=12,404 Client Error: Not Found for url: http://45.55.42.197:3000/files/view/100000000KB?id=12,145
GET,/files/view/100000000KB?id=51,404 Client Error: Not Found for url: http://45.55.42.197:3000/files/view/100000000KB?id=51,99
GET,/files/view/100000000KB?id=31,404 Client Error: Not Found for url: http://45.55.42.197:3000/files/view/100000000KB?id=31,117
GET,/files/view/100000000KB?id=9,404 Client Error: Not Found for url: http://45.55.42.197:3000/files/view/100000000KB?id=9,147
GET,/files/view/100000000KB?id=79,404 Client Error: Not Found for url: http://45.55.42.197:3000/files/view/100000000KB?id=79,74
GET,/files/view/100000000KB?id=97,404 Client Error: Not Found for url: http://45.55.42.197:3000/files/view/100000000KB?id=97,62
GET,/files/view/100000000KB?id=28,404 Client Error: Not Found for url: http://45.55.42.197:3000/files/view/100000000KB?id=28,122
GET,/files/view/100000000KB?id=68,404 Client Error: Not Found for url: http://45.55.42.197:3000/files/view/100000000KB?id=68,84
GET,/files/view/100000000KB?id=29,404 Client Error: Not Found for url: http://45.55.42.197:3000/files/view/100000000KB?id=29,121
GET,/files/view/100000000KB?id=3,404 Client Error: Not Found for url: http://45.55.42.197:3000/files/view/100000000KB?id=3,151
GET,/files/view/100000000KB?id=8,404 Client Error: Not Found for url: http://45.55.42.197:3000/files/view/100000000KB?id=8,149
GET,/files/view/100000000KB?id=83,404 Client Error: Not Found for url: http://45.55.42.197:3000/files/view/100000000KB?id=83,73
GET,/files/view/100000000KB?id=54,404 Client Error: Not Found for url: http://45.55.42.197:3000/files/view/100000000KB?id=54,95
GET,/files/view/100000000KB?id=10,404 Client Error: Not Found for url: http://45.55.42.197:3000/files/view/100000000KB?id=10,146
GET,/files/view/100000000KB?id=38,404 Client Error: Not Found for url: http://45.55.42.197:3000/files/view/100000000KB?id=38,111
GET,/files/view/100000000KB?id=34,404 Client Error: Not Found for url: http://45.55.42.197:3000/files/view/100000000KB?id=34,115
GET,/files/view/100000000KB?id=37,404 Client Error: Not Found for url: http://45.55.42.197:3000/files/view/100000000KB?id=37,112
GET,/files/view/100000000KB?id=35,404 Client Error: Not Found for url: http://45.55.42.197:3000/files/view/100000000KB?id=35,113
GET,/files/view/100000000KB?id=14,404 Client Error: Not Found for url: http://45.55.42.197:3000/files/view/100000000KB?id=14,141
GET,/files/view/100000000KB?id=73,404 Client Error: Not Found for url: http://45.55.42.197:3000/files/view/100000000KB?id=73,81
GET,/files/view/100000000KB?id=69,404 Client Error: Not Found for url: http://45.55.42.197:3000/files/view/100000000KB?id=69,83
GET,/files/view/100000000KB?id=21,404 Client Error: Not Found for url: http://45.55.42.197:3000/files/view/100000000KB?id=21,132
GET,/files/view/100000000KB?id=66,404 Client Error: Not Found for url: http://45.55.42.197:3000/files/view/100000000KB?id=66,84
GET,/files/view/100000000KB?id=84,404 Client Error: Not Found for url: http://45.55.42.197:3000/files/view/100000000KB?id=84,73
GET,/files/view/100000000KB?id=27,404 Client Error: Not Found for url: http://45.55.42.197:3000/files/view/100000000KB?id=27,125
GET,/files/view/100000000KB?id=15,404 Client Error: Not Found for url: http://45.55.42.197:3000/files/view/100000000KB?id=15,139
GET,/files/view/100000000KB?id=20,404 Client Error: Not Found for url: http://45.55.42.197:3000/files/view/100000000KB?id=20,133
GET,/files/view/100000000KB?id=32,404 Client Error: Not Found for url: http://45.55.42.197:3000/files/view/100000000KB?id=32,115
GET,/files/view/100000000KB?id=48,404 Client Error: Not Found for url: http://45.55.42.197:3000/files/view/100000000KB?id=48,101
GET,/files/view/100000000KB?id=85,404 Client Error: Not Found for url: http://45.55.42.197:3000/files/view/100000000KB?id=85,72
GET,/files/view/100000000KB?id=81,404 Client Error: Not Found for url: http://45.55.42.197:3000/files/view/100000000KB?id=81,74
GET,/files/view/100000000KB?id=22,404 Client Error: Not Found for url: http://45.55.42.197:3000/files/view/100000000KB?id=22,131
GET,/files/view/100000000KB?id=77,404 Client Error: Not Found for url: http://45.55.42.197:3000/files/view/100000000KB?id=77,76
GET,/files/view/100000000KB?id=55,404 Client Error: Not Found for url: http://45.55.42.197:3000/files/view/100000000KB?id=55,94
GET,/files/view/100000000KB?id=95,404 Client Error: Not Found for url: http://45.55.42.197:3000/files/view/100000000KB?id=95,64
GET,/files/view/100000000KB?id=76,404 Client Error: Not Found for url: http://45.55.42.197:3000/files/view/100000000KB?id=76,76
GET,/files/view/100000000KB?id=45,404 Client Error: Not Found for url: http://45.55.42.197:3000/files/view/100000000KB?id=45,103
GET,/files/view/100000000KB?id=26,404 Client Error: Not Found for url: http://45.55.42.197:3000/files/view/100000000KB?id=26,125
GET,/files/view/100000000KB?id=71,404 Client Error: Not Found for url: http://45.55.42.197:3000/files/view/100000000KB?id=71,82
GET,/files/view/100000000KB?id=62,404 Client Error: Not Found for url: http://45.55.42.197:3000/files/view/100000000KB?id=62,88
GET,/files/view/100000000KB?id=65,404 Client Error: Not Found for url: http://45.55.42.197:3000/files/view/100000000KB?id=65,86
GET,/files/view/100000000KB?id=18,404 Client Error: Not Found for url: http://45.55.42.197:3000/files/view/100000000KB?id=18,136
GET,/files/view/100000000KB?id=75,404 Client Error: Not Found for url: http://45.55.42.197:3000/files/view/100000000KB?id=75,78
GET,/files/view/100000000KB?id=72,404 Client Error: Not Found for url: http://45.55.42.197:3000/files/view/100000000KB?id=72,82
GET,/files/view/100000000KB?id=39,404 Client Error: Not Found for url: http://45.55.42.197:3000/files/view/100000000KB?id=39,111
GET,/files/view/100000000KB?id=92,404 Client Error: Not Found for url: http://45.55.42.197:3000/files/view/100000000KB?id=92,66
GET,/files/view/100000000KB?id=82,404 Client Error: Not Found for url: http://45.55.42.197:3000/files/view/100000000KB?id=82,74
GET,/files/view/100000000KB?id=24,404 Client Error: Not Found for url: http://45.55.42.197:3000/files/view/100000000KB?id=24,130
GET,/files/view/100000000KB?id=42,404 Client Error: Not Found for url: http://45.55.42.197:3000/files/view/100000000KB?id=42,105
GET,/files/view/100000000KB?id=86,404 Client Error: Not Found for url: http://45.55.42.197:3000/files/view/100000000KB?id=86,70
GET,/files/view/100000000KB?id=91,404 Client Error: Not Found for url: http://45.55.42.197:3000/files/view/100000000KB?id=91,66
GET,/files/view/100000000KB?id=88,404 Client Error: Not Found for url: http://45.55.42.197:3000/files/view/100000000KB?id=88,69
GET,/files/view/100000000KB?id=30,404 Client Error: Not Found for url: http://45.55.42.197:3000/files/view/100000000KB?id=30,117
GET,/files/view/100000000KB?id=89,404 Client Error: Not Found for url: http://45.55.42.197:3000/files/view/100000000KB?id=89,66
GET,/files/view/100000000KB?id=60,404 Client Error: Not Found for url: http://45.55.42.197:3000/files/view/100000000KB?id=60,91
GET,/files/view/100000000KB?id=36,404 Client Error: Not Found for url: http://45.55.42.197:3000/files/view/100000000KB?id=36,113
GET,/files/view/100000000KB?id=98,404 Client Error: Not Found for url: http://45.55.42.197:3000/files/view/100000000KB?id=98,62
GET,/files/view/100000000KB?id=61,404 Client Error: Not Found for url: http://45.55.42.197:3000/files/view/100000000KB?id=61,90
GET,/files/view/100000000KB?id=19,404 Client Error: Not Found for url: http://45.55.42.197:3000/files/view/100000000KB?id=19,135
